record_indexes,offset,size,crc32_hex,sha256
0,812,1311744,a44df50a,d035e7ede8251c86234d529814e89fcf98a6ab0c469b2a583bdbd5037e036064
3,1312556,274499,48e71940,bc6fb6f76727c89d1856e4a88eada5a5e1fac97707bdb74d226de18a86b4b1b6
4,1587055,18546,e57ac825,89f3aa606da05a0deb1ec40c04e64e1a7c6b0e3a4ea821d540ddeef1f285ff68
6,1605601,274339,12f9a85b,3f374bd3b14c3a741357684050c40db5c67a1e27768219063bfba34edebcc485
7,1879940,18345,be50c756,e4617af6707160b9a14d115a050be4353c342ae2cce4dafb38c1ad379d6ed916
8,1898285,525312,a248bdbe,993ec372b2834e392896dc97bcc3fd6754b847e4e1ecf0782c4731383a6452e5
16,2423597,8800,2fcb5121,e062987d2d15dba9501dbe5e02f366b11d3e9aa1444cccf62208aa65334a1bc6
17,2432397,8888,f619661a,ccf8286f2b8777ace69313169f2c621c4d1280bee407aeb9178e9c69474395d9
18,2441285,8696,73728a37,5907fe3d65e5fe029cfe464f22b9aa68513eef831d9f6ae94facef6798aecd0a
19,2449981,8582,9eaa0b92,05d48a0902cc90fb9f08543859ebb7bceab3d17130df43c46b72072718e6fc43
"20,21,22,23,24,25",2458563,251417,39396abe,970c5051271b02f65db6fef638837818dc807a083e201220d8aac8ecdecf98db
26,2709980,8582,d03b031c,7667f64a18e835e2ac7c1a44ed752a09c667d4cd920e8fe4e3dc74cf3a13411a
27,2718562,8582,8582e53b,b09ec350ea8876972ebaffa4b6f05e0f8b11925201fd0c0b956d9c32685b2841
"28,29",2727144,125206,25adf300,9e1ebc7c44d9f8e8b4ab47f12f0b69887c0b4d56eb2ff1d5dbc1ee3f0a34d4f9
30,2852350,32097,b31066ce,9758a7794018c438637c3f5ec2e9d1c84d610273e4cd7d61a8a0f80de1d976b5
32,2884447,8072,ba424660,1a8f71e47104962969d384ce1f327e131d2b387133110204cdc52a20aeddaab3
34,2892519,66641,0d2570a4,ac2116e5100ede6704ffaf90a913702d8fdc06deeda52c262990c707bdf601a6
36,2959160,67682,000bd98f,5d5984a961e3d2ba5e69f30422233e254653a9e5c93bc7c2dd2ae82201e6e988
38,3026842,774196,6a04b1ca,52489cf93ef193e4301474c8f623d5b47a34e8a445e065f1c8f29e2f3cd980c6
39,3801038,774196,84f93dda,b95089936c930774d46904c091a63bbf5d9dd5aadef661a06145a27845bcc1a8
